article,timestamp,views
Algorithmic_trading,2026010100,308
Algorithmic_trading,2026010200,356
Algorithmic_trading,2026010300,282
Algorithmic_trading,2026010400,365
Algorithmic_trading,2026010500,334
Algorithmic_trading,2026010600,342
Algorithmic_trading,2026010700,411
Algorithmic_trading,2026010800,345
Algorithmic_trading,2026010900,368
Algorithmic_trading,2026011000,357
Algorithmic_trading,2026011100,347
Algorithmic_trading,2026011200,367
Algorithmic_trading,2026011300,359
Algorithmic_trading,2026011400,432
Algorithmic_trading,2026011500,370
Algorithmic_trading,2026011600,408
Algorithmic_trading,2026011700,264
Algorithmic_trading,2026011800,316
Algorithmic_trading,2026011900,337
Algorithmic_trading,2026012000,380
Algorithmic_trading,2026012100,375
Algorithmic_trading,2026012200,344
Algorithmic_trading,2026012300,394
Algorithmic_trading,2026012400,346
Algorithmic_trading,2026012500,347
Algorithmic_trading,2026012600,319
Algorithmic_trading,2026012700,404
Algorithmic_trading,2026012800,309
Algorithmic_trading,2026012900,342
Algorithmic_trading,2026013000,363
Algorithmic_trading,2026013100,301
Algorithmic_trading,2026020100,462
Algorithmic_trading,2026020200,370
Algorithmic_trading,2026020300,432
Algorithmic_trading,2026020400,359
Algorithmic_trading,2026020500,454
Algorithmic_trading,2026020600,436
Algorithmic_trading,2026020700,340
Algorithmic_trading,2026020800,337
Algorithmic_trading,2026020900,360
Algorithmic_trading,2026021000,339
Algorithmic_trading,2026021100,345
Algorithmic_trading,2026021200,546
Algorithmic_trading,2026021300,534
Algorithmic_trading,2026021400,311
Algorithmic_trading,2026021500,314
Algorithmic_trading,2026021600,353
Algorithmic_trading,2026021700,311
Algorithmic_trading,2026021800,358
Algorithmic_trading,2026021900,323
Algorithmic_trading,2026022000,367
Algorithmic_trading,2026022100,328
Algorithmic_trading,2026022200,314
Algorithmic_trading,2026022300,377
Algorithmic_trading,2026022400,313
Algorithmic_trading,2026022500,343
Algorithmic_trading,2026022600,377
Algorithmic_trading,2026022700,395
Algorithmic_trading,2026022800,332
Algorithmic_trading,2026030100,263
Algorithmic_trading,2026030200,315
Algorithmic_trading,2026030300,363
Algorithmic_trading,2026030400,321
Algorithmic_trading,2026030500,354
Algorithmic_trading,2026030600,515
Algorithmic_trading,2026030700,321
Algorithmic_trading,2026030800,307
Algorithmic_trading,2026030900,1076
Algorithmic_trading,2026031000,593
Algorithmic_trading,2026031100,386
Algorithmic_trading,2026031200,452
Algorithmic_trading,2026031300,472
Algorithmic_trading,2026031400,368
Algorithmic_trading,2026031500,460
Algorithmic_trading,2026031600,864
Algorithmic_trading,2026031700,727
Algorithmic_trading,2026031800,413
Algorithmic_trading,2026031900,401
Algorithmic_trading,2026032000,410
Algorithmic_trading,2026032100,344
Algorithmic_trading,2026032200,375
Algorithmic_trading,2026032300,357
Algorithmic_trading,2026032400,421
Algorithmic_trading,2026032500,429
Algorithmic_trading,2026032600,414
Algorithmic_trading,2026032700,398
Algorithmic_trading,2026032800,377
Algorithmic_trading,2026032900,406
Algorithmic_trading,2026033000,446
Algorithmic_trading,2026033100,418
Algorithmic_trading,2026040100,394
Algorithmic_trading,2026040200,437
Algorithmic_trading,2026040300,346
Algorithmic_trading,2026040400,349
Algorithmic_trading,2026040500,679
Algorithmic_trading,2026040600,432
Algorithmic_trading,2026040700,391
Algorithmic_trading,2026040800,387
Algorithmic_trading,2026040900,457
Algorithmic_trading,2026041000,392
Algorithmic_trading,2026041100,376
Algorithmic_trading,2026041200,374
Algorithmic_trading,2026041300,423
Algorithmic_trading,2026041400,429
Algorithmic_trading,2026041500,398
Algorithmic_trading,2026041600,422
Algorithmic_trading,2026041700,650
Algorithmic_trading,2026041800,336
Algorithmic_trading,2026041900,377
Algorithmic_trading,2026042000,379
Algorithmic_trading,2026042100,334
Algorithmic_trading,2026042200,418
Algorithmic_trading,2026042300,446
Algorithmic_trading,2026042400,373
Algorithmic_trading,2026042500,373
Algorithmic_trading,2026042600,333
Algorithmic_trading,2026042700,381
Algorithmic_trading,2026042800,380
Algorithmic_trading,2026042900,543
Algorithmic_trading,2026043000,601
Algorithmic_trading,2026050100,454
Algorithmic_trading,2026050200,521
Algorithmic_trading,2026050300,353
Algorithmic_trading,2026050400,340
Algorithmic_trading,2026050500,376
Algorithmic_trading,2026050600,402
Algorithmic_trading,2026050700,382
Algorithmic_trading,2026050800,396
Algorithmic_trading,2026050900,409
Algorithmic_trading,2026051000,354
Algorithmic_trading,2026051100,458
Algorithmic_trading,2026051200,389
Algorithmic_trading,2026051300,368
Algorithmic_trading,2026051400,363
Algorithmic_trading,2026051500,352
Algorithmic_trading,2026051600,332
Algorithmic_trading,2026051700,288
Algorithmic_trading,2026051800,381
Algorithmic_trading,2026051900,418
Algorithmic_trading,2026052000,371
Algorithmic_trading,2026052100,489
Algorithmic_trading,2026052200,341
Algorithmic_trading,2026052300,368
Algorithmic_trading,2026052400,292
Algorithmic_trading,2026052500,336
Algorithmic_trading,2026052600,396
Algorithmic_trading,2026052700,350
Algorithmic_trading,2026052800,363
Algorithmic_trading,2026052900,382
Algorithmic_trading,2026053000,470
Algorithmic_trading,2026053100,346
Algorithmic_trading,2026060100,367
Algorithmic_trading,2026060200,814
Algorithmic_trading,2026060300,1009
Algorithmic_trading,2026060400,1602
Algorithmic_trading,2026060500,1023
Algorithmic_trading,2026060600,446
Algorithmic_trading,2026060700,432
Algorithmic_trading,2026060800,1295
Algorithmic_trading,2026060900,511
Algorithmic_trading,2026061000,998
Algorithmic_trading,2026061100,707
Algorithmic_trading,2026061200,759
Algorithmic_trading,2026061300,359
Algorithmic_trading,2026061400,390
Algorithmic_trading,2026061500,537
Algorithmic_trading,2026061600,670
Algorithmic_trading,2026061700,493
Algorithmic_trading,2026061800,487
Algorithmic_trading,2026061900,385
Algorithmic_trading,2026062000,411
Algorithmic_trading,2026062100,358
Algorithmic_trading,2026062200,814
Algorithmic_trading,2026062300,524
Algorithmic_trading,2026062400,420
Algorithmic_trading,2026062500,464
Algorithmic_trading,2026062600,532
Algorithmic_trading,2026062700,434
Algorithmic_trading,2026062800,438
Algorithmic_trading,2026062900,467
Algorithmic_trading,2026063000,450
Algorithmic_trading,2026070100,535
